id,Gg234,Gg443,Gg465,Ma1,Mvis072,Tt1,Tt2,Tt3,Tt4,Tt13,Tt15,Tt20,Tt21,Tt27,subregion,x,y
1,186:194,200:200,158:168,159:159,NA,160:162,206:206,158:159,171:173,189:201,210:212,NA,195:199,161:163,west_se,1509234.9402013337,614413.8603877141
2,184:184,194:194,170:170,157:159,308:308,150:158,206:206,158:159,169:173,189:201,204:212,135:135,199:199,159:159,west_se,1413058.1222988334,697746.7856990538
3,186:190,192:204,160:160,157:159,NA,156:160,200:202,159:159,159:169,187:197,210:212,131:135,197:197,147:161,west_nw,1315109.008204287,768292.2846029046
4,184:186,194:200,170:170,159:169,NA,158:158,200:206,160:160,169:171,189:201,210:210,132:132,205:205,155:161,west_se,1413314.2602167674,699415.6447748231
5,184:186,192:194,158:174,159:159,300:302,156:158,200:206,158:159,169:169,187:193,194:212,132:132,NA,161:161,west_se,1489734.3771596407,620626.9329551433
6,184:186,194:200,158:158,157:159,300:300,158:160,202:202,158:158,171:171,185:197,198:212,135:139,NA,163:163,west_se,1416935.351873119,709474.0608895839
7,188:190,192:200,168:174,157:159,302:302,150:160,202:206,156:159,171:173,187:197,210:212,129:131,195:199,159:161,west_nw,1333576.7717108359,750053.6340769294
8,186:186,200:208,160:168,159:169,302:308,150:158,200:200,158:158,157:173,193:197,204:210,135:135,199:205,159:161,west_se,1412241.3463637943,716798.8340612603
9,184:186,192:192,160:174,157:159,300:302,150:158,202:202,158:159,173:173,183:201,202:216,129:137,195:199,155:157,west_nw,1280057.6809772518,804753.127458609
10,184:188,194:204,158:160,157:169,300:300,160:160,200:200,160:164,165:171,185:197,204:204,137:137,201:201,155:157,west_nw,1325635.1103620625,761938.7957031956
11,188:188,192:200,158:158,159:159,300:308,150:156,200:202,156:158,159:159,183:185,210:212,135:139,197:198,159:161,west_se,1418394.354631728,706074.6391711467
12,186:194,194:200,174:174,157:159,302:308,150:160,200:202,156:160,169:171,189:201,210:212,135:139,197:199,147:161,west_nw,1329664.8962790472,756020.7927184574
13,188:188,206:206,170:170,157:159,302:302,150:160,202:202,158:158,171:173,197:201,210:210,135:135,205:205,161:161,west_nw,1327695.27735017,755959.7802303715
14,184:186,194:194,174:174,157:169,300:302,150:160,200:200,158:158,169:171,189:201,212:216,131:132,199:199,161:161,west_se,1468308.6462229434,682417.0747830499
15,184:186,192:200,158:158,159:159,300:302,156:160,202:206,158:158,171:173,189:201,204:210,137:137,197:197,147:155,west_se,1491425.2888686778,474576.9211999407
16,184:188,200:200,170:170,157:159,300:308,156:158,202:202,158:158,173:179,185:203,204:212,131:137,197:205,163:163,west_se,1480065.8106107796,575232.0299696679
17,184:186,192:200,158:170,157:159,300:302,160:160,202:206,158:162,171:173,193:197,212:212,132:135,195:198,147:159,west_se,1478939.8689969361,607163.1410447651
18,184:190,182:192,158:174,159:159,300:302,158:160,200:202,156:158,169:171,185:189,202:210,135:135,199:201,147:161,west_se,1473941.3320234339,583801.4652544298
19,184:186,194:208,158:174,159:169,300:300,150:160,200:200,158:158,159:159,185:201,210:212,135:137,197:199,159:161,west_se,1440702.5899961696,653729.5115206335
20,184:188,194:202,170:174,157:159,300:308,156:158,202:202,158:158,169:173,187:199,198:210,132:132,199:205,147:161,west_nw,1291163.9743097716,731488.5752113566
21,186:186,200:200,174:174,157:159,302:302,156:158,200:202,156:158,171:175,183:201,202:212,131:131,197:199,161:161,west_se,1418274.8640902177,701377.4975780225
22,186:186,192:194,160:174,159:159,302:302,160:160,200:202,158:158,171:171,189:201,210:210,135:137,198:201,161:161,west_nw,1287370.3135984761,801978.9198979351
23,186:186,200:208,158:158,159:169,302:308,150:160,200:202,156:158,159:169,189:197,198:212,137:137,201:201,147:157,west_se,1505419.1073767669,607805.9787414165
24,186:188,194:200,158:160,157:159,302:308,160:160,200:202,159:159,165:171,189:197,200:212,132:135,199:199,147:161,west_se,1417097.1107287235,698123.5313393228
25,184:186,194:194,170:170,159:169,300:300,160:160,200:200,158:159,169:173,193:195,194:210,135:137,199:205,155:161,west_nw,1299536.008046882,778937.9032227354
26,186:186,194:208,160:174,159:159,302:302,158:160,202:202,158:160,173:173,185:201,202:210,137:137,197:199,147:147,west_nw,1328920.2710445959,755426.3263380523
27,184:184,182:184,174:174,159:163,296:302,150:156,200:200,158:160,159:171,201:201,210:212,139:139,205:205,161:161,west_nw,1286411.8172201412,802966.739865959
28,184:186,192:200,NA,159:159,300:302,150:160,202:202,158:160,169:169,183:197,204:210,131:135,195:199,161:161,west_nw,1331829.4436037403,758276.4310618656
29,184:186,194:200,158:174,157:159,302:308,158:160,200:202,156:158,169:171,189:201,202:210,129:139,199:205,161:161,west_nw,1290996.4280337854,795747.172930066
30,184:184,200:200,160:174,159:159,302:302,160:160,200:202,156:162,173:173,183:197,198:210,135:135,199:203,147:159,west_nw,1324338.1786088934,767781.8729694366
31,186:190,200:200,158:158,159:159,300:300,150:160,202:204,158:160,169:169,193:193,210:210,139:139,199:203,155:159,west_se,1473188.0857856458,521428.6734120301
32,184:190,194:200,158:158,159:159,300:302,158:160,200:202,158:158,159:171,183:187,204:212,135:139,197:199,147:147,west_nw,1336048.754934283,741224.2277499795
33,186:186,194:200,158:160,159:159,296:302,150:156,200:200,158:162,169:173,189:189,198:210,135:135,199:199,157:159,west_nw,1325929.822163803,759033.4787021375
34,186:186,182:200,170:170,157:159,296:302,160:160,202:206,158:160,159:173,193:201,202:204,137:137,197:199,159:161,west_nw,1323356.9596156292,716781.4648688022
35,188:188,194:200,158:170,157:159,300:300,156:160,200:202,158:160,171:173,189:197,204:210,135:135,197:205,161:161,west_nw,1287050.148765851,794098.0034806122
36,186:186,200:200,158:158,159:169,302:302,158:160,202:206,158:158,171:173,185:193,212:212,133:137,201:205,147:157,west_nw,1326446.0904402165,772017.0250023918
37,184:190,200:200,158:170,157:159,302:308,150:160,202:206,156:158,159:169,187:201,204:210,132:132,197:199,155:161,west_nw,1285127.498098415,807280.0502798186
38,186:188,200:208,174:174,157:163,302:302,160:160,200:206,156:158,159:173,187:187,198:214,139:139,197:199,155:157,west_nw,1284794.4886703324,796559.2863356603
39,184:184,200:200,158:158,157:159,300:306,150:156,202:206,156:160,171:173,189:201,210:212,131:135,199:203,161:163,west_nw,1325477.936596373,738616.3469345303
40,184:186,200:208,158:174,159:159,300:308,160:160,200:206,158:158,171:171,183:203,210:210,131:135,197:199,161:161,west_se,1426900.8160819686,683601.5727635369
41,184:188,194:198,158:158,157:159,302:302,156:160,200:202,158:158,173:173,197:201,204:212,132:132,197:203,161:161,west_nw,1329756.5431179928,754031.566724651
42,186:190,200:200,170:174,157:159,302:308,146:160,200:200,159:160,165:169,197:201,204:212,139:139,197:205,147:161,west_nw,1319478.8175497325,772713.5515663569
43,186:188,200:200,170:170,159:159,300:302,156:160,200:202,156:160,171:171,183:189,214:216,132:132,198:201,147:155,west_nw,1315817.7686776826,767654.9466359719
44,184:186,194:194,160:170,169:169,300:302,160:160,206:206,158:158,169:175,197:201,210:212,135:135,195:198,155:161,west_nw,1328432.7963414819,766907.2612378442
45,186:186,194:208,164:172,157:159,302:302,160:160,202:206,156:159,171:171,189:189,210:210,137:139,NA,155:161,west_nw,1333118.3180416934,751826.3387835128
46,184:190,194:208,170:174,157:159,296:302,156:158,200:202,156:158,165:169,189:197,198:212,135:137,198:205,147:157,west_nw,1330760.689322004,765212.5415491008
47,184:186,182:200,158:160,157:159,296:304,144:160,202:202,158:160,159:175,183:189,198:216,132:132,199:199,157:161,west_se,1490027.7315524118,614624.6559242061
48,184:186,192:200,174:174,169:169,300:308,156:158,200:206,156:158,173:173,183:189,194:216,132:135,199:199,159:161,west_se,1417424.775169795,701137.0182668708
49,186:190,194:194,170:170,159:159,304:308,156:158,200:204,156:158,175:179,187:193,210:210,131:132,197:199,147:161,west_se,1470692.4993838628,524737.5629570647
50,184:186,208:208,158:170,159:169,302:302,150:158,200:206,158:158,159:165,197:197,202:210,137:137,195:205,147:161,west_se,1419888.3336448162,700477.7575892314
51,184:188,200:200,158:168,159:159,300:302,160:160,202:206,156:162,169:171,193:195,198:210,135:135,197:197,161:161,west_se,1417359.0757753944,704456.4207192188
52,184:184,194:194,158:158,159:159,300:308,158:160,200:202,162:162,171:171,183:189,204:212,135:137,195:199,161:161,west_se,1421982.0410993318,700344.2252209937
53,186:186,200:208,174:174,159:161,296:302,156:158,200:202,158:159,171:173,187:195,204:210,132:135,199:203,147:163,west_se,1414584.8159558626,700998.8137639279
54,184:186,194:200,158:160,157:169,300:302,150:156,200:202,158:158,169:173,197:197,210:210,132:132,195:199,161:161,west_nw,1339691.648900346,763798.7810667183
55,184:188,200:208,158:158,163:165,302:302,160:160,200:202,159:159,173:173,185:187,212:212,135:135,197:199,147:147,west_se,1416014.218447619,701531.6845639172
56,184:184,200:208,158:170,157:159,300:304,158:160,202:206,156:158,169:173,189:189,204:204,139:139,197:199,161:161,west_nw,1322921.5429326221,765588.2957485209
57,186:188,194:200,170:170,157:159,302:302,160:160,200:200,158:162,169:173,193:197,210:214,132:135,199:205,155:161,west_nw,1342864.6204458838,742462.7382002765
58,184:184,192:208,170:170,157:159,302:302,160:160,200:206,156:156,159:173,183:187,198:204,129:131,195:199,147:155,west_se,1418074.9434525897,696204.4662296474
59,184:186,192:194,158:160,157:157,300:302,150:160,202:202,156:158,169:175,187:193,212:212,129:137,197:198,147:163,west_nw,1334668.6217786279,756233.2616799055
60,186:186,192:200,170:174,159:159,302:308,150:160,200:202,156:159,165:169,183:183,212:212,132:135,199:199,147:155,west_se,1470892.3225986906,514553.5447353199
61,184:188,200:200,158:160,157:159,300:306,158:158,200:202,156:158,173:173,185:201,212:212,132:132,199:205,157:161,west_se,1410487.0651265427,695850.2712752233
62,184:188,192:194,170:174,159:169,296:302,160:160,202:206,156:159,157:169,199:201,204:210,131:132,198:203,159:161,west_se,1472216.450161578,518642.72138460865
63,184:194,200:200,160:170,159:169,300:308,150:160,202:206,156:158,159:159,197:201,210:212,135:135,NA,147:161,west_se,1424769.8602380834,676543.3739771628
64,184:184,194:194,160:174,157:157,308:308,156:160,202:202,158:160,173:173,189:201,202:210,131:132,198:201,147:161,west_se,1498276.6227161097,609042.8376200558
65,184:188,192:198,160:170,159:161,302:302,158:160,200:200,156:158,159:175,187:193,204:212,131:131,195:199,147:161,west_se,1384633.0756600974,662115.1562598551
66,184:184,200:208,158:168,163:171,308:308,150:160,200:200,158:158,173:173,197:201,198:210,132:132,195:197,159:161,west_se,1382844.0288901695,668721.1855829909
67,184:186,200:200,170:174,159:159,NA,156:158,202:202,158:160,159:171,189:199,204:212,132:135,198:199,159:161,west_se,1500945.7316346923,610780.5030424189
68,184:188,194:200,158:160,159:159,300:302,158:160,202:206,156:158,169:175,189:197,210:212,132:137,199:201,155:157,west_se,1467920.763349205,522440.21931298403
69,186:188,208:208,158:170,157:169,302:302,160:160,200:202,158:162,159:169,197:199,210:212,132:137,197:198,161:161,west_se,1491645.1945394129,608585.4903571534
70,186:186,194:200,158:170,161:169,302:302,160:160,200:202,158:159,159:173,185:201,210:214,135:139,199:205,147:155,west_se,1411313.8445206175,652247.2758007521
71,186:186,200:208,170:170,159:169,302:302,160:160,202:206,156:156,169:169,193:193,210:210,131:135,199:203,159:161,west_se,1388266.7039805583,564277.3255162662
72,184:184,200:200,174:174,159:159,302:308,150:156,202:202,158:159,159:171,189:201,210:210,129:135,198:205,155:157,west_nw,1360076.690237769,744619.33136959
73,184:184,192:194,158:160,159:169,300:308,158:160,202:202,156:156,173:173,197:201,210:210,129:139,195:199,147:159,west_se,1482949.5156846296,608803.8742522807
74,184:186,194:194,158:160,159:169,304:308,156:156,200:202,158:158,171:173,187:193,202:204,129:131,199:199,155:161,west_se,1449513.6293571428,629933.3702614834
75,184:186,200:200,170:174,159:159,300:300,160:160,200:206,158:160,159:171,185:193,202:210,135:137,195:199,147:161,west_nw,1331142.9475446413,757455.3636212614
76,186:190,192:192,158:174,157:159,302:308,156:160,200:200,158:159,169:171,193:193,204:212,132:135,199:199,159:161,west_nw,1328310.9720674441,762942.54184985545
77,186:186,182:192,168:174,159:159,302:308,150:150,200:206,156:158,171:171,189:201,212:212,131:135,198:205,159:161,west_se,1479404.757688359,605994.877278536
78,184:186,194:200,158:158,159:169,296:302,160:160,200:200,156:158,171:171,183:189,198:210,131:135,197:197,147:161,west_nw,1275107.3883772984,799948.6369277176
79,186:190,194:194,158:174,159:169,300:308,156:158,200:200,156:158,159:165,185:187,198:204,132:135,198:199,159:161,west_se,1409366.741147791,656857.9714436913
80,188:190,198:200,158:158,159:159,302:302,160:160,200:206,158:158,159:173,187:201,204:210,131:132,195:205,159:159,west_nw,1330058.3244483538,762178.4977583415
81,184:186,200:208,170:170,157:159,300:302,156:158,202:206,158:158,159:169,189:201,212:212,137:139,197:199,147:157,west_nw,1333077.653956009,755653.5057579951
82,184:190,200:200,158:170,159:159,296:296,152:160,200:206,158:158,169:171,187:199,210:210,131:135,197:199,159:159,west_se,1415582.4655264816,707053.069894993
83,186:186,192:208,158:160,157:169,300:302,150:158,202:202,158:159,173:175,189:197,202:202,129:135,201:201,161:163,west_nw,1276267.3676493005,805763.5317634522
84,186:186,200:200,158:160,157:157,300:302,156:156,200:202,158:158,171:171,185:201,210:212,135:137,201:205,161:161,west_nw,1284264.9100494094,796412.5499670161
85,186:186,200:208,174:174,159:163,300:302,160:160,200:206,156:158,165:169,183:201,210:210,137:137,199:203,147:161,west_se,1400850.2957287445,503484.9449843632
86,184:184,200:200,158:160,157:169,302:308,158:160,202:202,158:158,159:169,197:201,204:204,132:135,199:203,147:155,west_nw,1289354.3278299712,792113.9575664414
87,186:186,200:208,174:174,169:169,NA,158:160,202:206,156:156,169:179,185:189,204:204,NA,197:199,161:161,west_nw,1279505.2138329493,804609.2048653831
88,184:186,194:208,174:174,157:159,302:306,156:160,200:206,158:160,169:171,189:197,210:214,NA,199:205,147:161,west_nw,1275942.8514475012,806312.0513422305
89,184:186,194:198,158:170,159:159,302:308,156:160,202:202,156:158,173:173,193:193,210:212,137:137,197:199,147:161,west_nw,1291761.4206662294,790478.3445991148
90,186:186,200:200,158:170,159:169,300:302,150:160,200:202,156:158,159:173,189:201,198:210,132:135,199:199,147:161,west_nw,1333171.3814170286,749378.0859126786
91,186:188,200:200,158:168,157:157,300:308,156:160,202:206,156:158,159:169,187:187,210:210,132:132,199:199,147:159,west_se,1379116.2680158843,655076.3781743222
92,186:186,200:208,158:160,157:169,300:302,156:156,200:202,158:159,159:159,193:201,210:216,135:135,199:203,161:163,west_nw,1312026.4841701475,775147.265074797
93,186:194,200:208,158:160,157:159,296:300,156:160,206:206,162:174,169:171,189:201,204:210,131:132,197:199,147:161,west_nw,1318351.2883039468,712350.4624176517
94,186:186,194:198,170:174,157:159,302:302,150:158,200:200,158:162,159:169,197:197,194:210,NA,203:205,147:147,west_se,1407342.289014324,666871.6111662972
95,184:186,182:194,158:158,159:169,302:308,150:160,200:200,156:159,171:173,189:189,210:216,132:137,197:199,161:161,west_se,1416195.386495613,701762.9562675968
96,186:186,182:208,174:174,157:169,300:302,152:160,200:200,156:156,171:173,185:197,204:210,131:132,197:197,161:161,west_se,1404071.5231093245,664987.6962490771
97,184:188,200:208,160:160,159:169,NA,160:160,200:206,156:158,169:173,197:201,204:210,132:135,199:205,147:147,west_se,1438905.1968578151,654202.4514009163
98,184:186,194:200,158:174,159:159,302:302,156:160,202:202,156:156,169:171,189:197,198:210,129:137,197:199,147:161,west_se,1489384.2516082332,634327.89724785625
99,184:188,200:200,158:160,157:157,300:302,150:160,202:204,158:158,159:175,183:185,198:202,137:137,197:199,147:161,west_se,1505962.9105752213,527338.7880763724
100,184:186,192:200,170:174,159:159,302:308,150:160,200:206,156:158,169:173,197:201,210:212,132:132,199:199,155:155,west_se,1528318.5992494763,610008.7337462327
101,184:190,200:208,158:174,159:159,296:300,150:156,202:202,158:159,173:173,197:197,210:212,137:137,NA,147:157,west_se,1424147.7181381506,661143.4681765197
102,186:186,194:200,158:170,157:159,300:302,146:160,202:202,156:158,171:171,189:197,212:212,131:135,203:205,157:159,west_se,1488590.1351800673,621151.9231429065
103,184:188,184:208,170:170,157:159,300:308,160:160,200:200,156:162,159:173,189:201,212:212,137:139,205:205,147:163,west_se,1407723.6541769248,646290.068690847
104,186:186,194:198,170:174,159:169,302:302,160:160,202:206,156:158,171:173,187:193,210:210,131:132,197:199,161:163,west_se,1423706.0139191889,648279.9622236821
105,184:190,194:194,160:168,159:159,NA,158:160,200:202,156:156,171:173,189:193,210:212,135:137,197:205,163:163,west_se,1416041.0271219949,705886.7102147136
106,184:184,192:200,160:174,159:169,300:308,156:160,202:206,156:158,157:171,197:199,202:204,131:132,198:205,147:161,west_se,1445818.726295323,663439.0281776245
107,186:188,194:200,158:170,159:169,296:302,150:160,200:204,156:158,157:173,181:187,210:214,132:132,197:201,155:159,west_se,1443286.2870773529,629331.0532280224
108,184:186,200:200,174:174,169:169,300:308,150:160,200:202,156:156,169:171,189:197,204:210,132:135,197:197,161:161,west_se,1412262.2215807599,718654.4512586836
109,184:186,194:200,160:174,159:159,302:308,156:160,202:202,159:159,169:173,189:193,194:210,NA,199:199,161:161,west_se,1491179.0183107245,610640.8882168919
110,186:186,192:200,174:174,169:169,302:308,NA,200:200,158:160,159:171,189:201,204:212,129:135,199:203,147:161,west_se,1468666.3081760851,627651.7886399904
111,186:186,194:200,170:170,159:169,302:302,160:160,200:202,158:159,169:173,185:193,198:212,131:137,197:201,155:159,west_se,1411148.2956811436,699873.9176201941
112,186:186,200:200,170:174,159:159,300:302,158:158,200:202,158:158,169:175,189:201,210:210,129:132,199:199,157:159,west_se,1521211.5125785097,610048.5434107742
113,184:186,200:200,170:174,157:159,308:308,156:160,200:202,158:158,159:159,185:197,210:210,137:137,195:199,147:161,west_se,1410418.4747240741,696577.170682145
114,184:186,200:208,158:158,159:169,300:302,158:160,202:206,158:158,159:171,183:195,204:206,137:139,199:203,161:163,west_se,1490845.9578064913,609586.5675990279
115,188:190,192:194,160:174,159:159,300:306,146:146,NA,158:158,171:171,189:189,212:212,132:135,197:199,147:161,west_se,1404539.1350895187,666493.8050425216
116,184:186,200:200,158:168,159:159,300:302,156:158,200:200,156:158,173:175,199:201,210:212,131:132,197:199,161:161,west_nw,1326161.1805033304,750544.7173483229
